Keyword,Search Volume,Difficulty,User Intent,Priority,Notes
protected text,12000,0,Core Product,ðŸ”´ Critical,Main brand keyword
protected text pro,1200,N/A,Paid Upgrade,ðŸ”´ Critical,Shows willingness to pay
protected text login,50,90,Returning User,ðŸŸ¡ Medium,User retention signal
password protected text file,30,0,File Protection,ðŸŸ¡ Medium,Adjacent use case
protected text notepad,10,N/A,Core Feature,ðŸŸ¢ Low,Feature keyword
my protected text,10,N/A,Personal Use,ðŸŸ¢ Low,User behavior
protected text online,10,N/A,Web Access,ðŸŸ¢ Low,Platform clarification
protected text alternative,30,N/A,Competitor Research,ðŸŸ¡ Medium,Users seeking alternatives - OPPORTUNITY
protected text review,10,N/A,Due Diligence,ðŸŸ¢ Low,Trust building needed
protected text download,10,N/A,Offline Access,ðŸŸ¢ Low,Feature request signal
protected text app,10,N/A,Mobile App,ðŸŸ¡ Medium,Mobile strategy needed
protected text 1,10,N/A,Unclear Intent,âšª Skip,Ignore
protected pro text,10,N/A,Unclear Intent,âšª Skip,Ignore
copy text from protected pdf,40,2,Wrong Intent,âš« Convert,Educational content opportunity
copy text from protected website,20,N/A,Wrong Intent,âš« Convert,Educational content opportunity
how to copy text from protected website,40,N/A,Wrong Intent,âš« Convert,Blog post opportunity
copy text from protected website online,30,58,Wrong Intent,âš« Convert,Tool comparison content
how to copy text from a protected pdf,20,0,Wrong Intent,âš« Convert,FAQ content
copy text from password protected pdf,10,2,Wrong Intent,âš« Convert,Feature differentiation
extract text from protected pdf,10,N/A,Wrong Intent,âš« Convert,Content marketing
how to extract text from protected pdf,10,N/A,Wrong Intent,âš« Convert,SEO blog post
